domain,company_name,eik,nkid,sector_label,region,size_band,source
activedental.bg,Active Dental Mladost,,8623,Дентална медицина,София,,sofia_dentists_filtered.xlsx · Send
bonident-bg.com,Bonident,,8623,Дентална медицина,София,,sofia_dentists_filtered.xlsx · Send
medstom.com,Dental Center Medstom-M,,8623,Дентална медицина,София,,sofia_dentists_filtered.xlsx · Send
martintodorinov.com,Dental Clinic Dr Martin Todorinov,,8623,Дентална медицина,София,,sofia_dentists_filtered.xlsx · Send
dentica-clinic.com,Dentica Dental Clinic,,8623,Дентална медицина,София,,sofia_dentists_filtered.xlsx · Send
doktorkotev.com,Doctor Kotev,,8623,Дентална медицина,София,,sofia_dentists_filtered.xlsx · Send
eo-dent.com,EO Dent - Дианабад,,8623,Дентална медицина,София,,sofia_dentists_filtered.xlsx · Send
esident.net,Esident,,8623,Дентална медицина,София,,sofia_dentists_filtered.xlsx · Send
marinovadental.com,Marinova Dental Clinic,,8623,Дентална медицина,София,,sofia_dentists_filtered.xlsx · Send
medicaldent.bg,Medical Dent,,8623,Дентална медицина,София,,sofia_dentists_filtered.xlsx · Send
nurident.com,NuriDent - Dental Implant Center,,8623,Дентална медицина,София,,sofia_dentists_filtered.xlsx · Send
salievdentalcare.com,Saliev Dental Care,,8623,Дентална медицина,София,,sofia_dentists_filtered.xlsx · Send
sofiadental.bg,Sofia Dental,,8623,Дентална медицина,София,,sofia_dentists_filtered.xlsx · Send
topdentalbg.com,Top Dental,,8623,Дентална медицина,София,,sofia_dentists_filtered.xlsx · Send
2bdent.bg,2bdent.bg,,8623,Дентална медицина,София,,sofia_dentists_filtered.xlsx · Send
dentalart-bg.net,Art Dental - Dental Cabinet,,8623,Дентална медицина,София,,sofia_dentists_filtered.xlsx · Send
avend.bg,Avend,,8623,Дентална медицина,София,,sofia_dentists_filtered.xlsx · Send
balkandent.com,Balkandent - Dr. Eugene Balkandzhiev,,8623,Дентална медицина,София,,sofia_dentists_filtered.xlsx · Send
belevi.bg,Belevi Dental Studio,,8623,Дентална медицина,София,,sofia_dentists_filtered.xlsx · Send
bulgariadent.com,Bulgaria Dent,,8623,Дентална медицина,София,,sofia_dentists_filtered.xlsx · Send
drlechev.com,Center for Complete Dentistry,,8623,Дентална медицина,София,,sofia_dentists_filtered.xlsx · Send
churlinov.bg,Churlinov & Churlinov,,8623,Дентална медицина,София,,sofia_dentists_filtered.xlsx · Send
colours.bg,Colours Dental Clinic,,8623,Дентална медицина,София,,sofia_dentists_filtered.xlsx · Send
davinciclinic-bg.com,Da Vinci Clinic,,8623,Дентална медицина,София,,sofia_dentists_filtered.xlsx · Send
davincilabor.com,DaVinciLabor,,8623,Дентална медицина,София,,sofia_dentists_filtered.xlsx · Send
deckoff-dental.com,Deckoff Dental,,8623,Дентална медицина,София,,sofia_dentists_filtered.xlsx · Send
denchevadental.com,Dencheva & Hristova Dental Clinic,,8623,Дентална медицина,София,,sofia_dentists_filtered.xlsx · Send
dentaconsult.bg,Denta Consult,,8623,Дентална медицина,София,,sofia_dentists_filtered.xlsx · Send
dentalbk.bg,Dental BK Clinic,,8623,Дентална медицина,София,,sofia_dentists_filtered.xlsx · Send
stantipa.com,"Dental center ""Sv. Antipa""",,8623,Дентална медицина,София,,sofia_dentists_filtered.xlsx · Send
diamedbg.com,"Dental clinic ""Diamed Sofia""",,8623,Дентална медицина,София,,sofia_dentists_filtered.xlsx · Send
krasi-dent.com,"Dental Clinic ""Krasi-dent""",,8623,Дентална медицина,София,,sofia_dentists_filtered.xlsx · Send
mdcdental.net,Dental Clinic / VeaDent,,8623,Дентална медицина,София,,sofia_dentists_filtered.xlsx · Send
3ddentalclinic.bg,Dental clinic 3D,,8623,Дентална медицина,София,,sofia_dentists_filtered.xlsx · Send
dr-nikolov.bg,Dental Clinic Dr Nikolov,,8623,Дентална медицина,София,,sofia_dentists_filtered.xlsx · Send
vvdent.com,Dental Clinic V V Dent,,8623,Дентална медицина,София,,sofia_dentists_filtered.xlsx · Send
mladostdent.com,Dental Clinics Mladost,,8623,Дентална медицина,София,,sofia_dentists_filtered.xlsx · Send
dentalcomfort.bg,Dental Comfort,,8623,Дентална медицина,София,,sofia_dentists_filtered.xlsx · Send
stoykov.bg,Dentalna Klinika Stoykov,,8623,Дентална медицина,София,,sofia_dentists_filtered.xlsx · Send
etikadent.com,Dentist Anastasia Chavdarova,,8623,Дентална медицина,София,,sofia_dentists_filtered.xlsx · Send
vdent.info,"Dentist Sofia, Vi-Dent",,8623,Дентална медицина,София,,sofia_dentists_filtered.xlsx · Send
downtowndental.bg,Downtown Dental,,8623,Дентална медицина,София,,sofia_dentists_filtered.xlsx · Send
mitreva.eu,Dr Mitreva - dentist,,8623,Дентална медицина,София,,sofia_dentists_filtered.xlsx · Send
sintodental.bg,Dr. Ivelina Georgieva,,8623,Дентална медицина,София,,sofia_dentists_filtered.xlsx · Send
mrdent.bg,Dr. Martin Rubiev,,8623,Дентална медицина,София,,sofia_dentists_filtered.xlsx · Send
dental.kwb1.com,Dr. Petrova,,8623,Дентална медицина,София,,sofia_dentists_filtered.xlsx · Send
cactusdent.com,Dr. Srebrina Dzherekarova,,8623,Дентална медицина,София,,sofia_dentists_filtered.xlsx · Send
emdental.bg,EM Dental - д-р Емил Младенов,,8623,Дентална медицина,София,,sofia_dentists_filtered.xlsx · Send
faceid.bg,Face ID - Dental Clinic,,8623,Дентална медицина,София,,sofia_dentists_filtered.xlsx · Send
faceteam-bg.com,Face Team,,8623,Дентална медицина,София,,sofia_dentists_filtered.xlsx · Send
fdm.mu-sofia.bg,Faculty of Dental Medicine at Medical University - Sofia,,8623,Дентална медицина,София,,sofia_dentists_filtered.xlsx · Send
gergovdent.com,Gergov Dent - GDENT,,8623,Дентална медицина,София,,sofia_dentists_filtered.xlsx · Send
impressiondent.com,Impression Dent,,8623,Дентална медицина,София,,sofia_dentists_filtered.xlsx · Send
inteldent.eu,Inteldent,,8623,Дентална медицина,София,,sofia_dentists_filtered.xlsx · Send
sofia-dentist.com,Jolydent,,8623,Дентална медицина,София,,sofia_dentists_filtered.xlsx · Send
kaliateadent.com,Kaliatea,,8623,Дентална медицина,София,,sofia_dentists_filtered.xlsx · Send
smilesbg.com,Katident - D-R Katya Ivanova,,8623,Дентална медицина,София,,sofia_dentists_filtered.xlsx · Send
kodent.bg,KoDent Dental Clinic,,8623,Дентална медицина,София,,sofia_dentists_filtered.xlsx · Send
m3dent.com,M3 Dent,,8623,Дентална медицина,София,,sofia_dentists_filtered.xlsx · Send
metalokeramika.eu,Metalokeramika,,8623,Дентална медицина,София,,sofia_dentists_filtered.xlsx · Send
mgdentalclinic.com,MG Dental Clinic,,8623,Дентална медицина,София,,sofia_dentists_filtered.xlsx · Send
mgd-dental.com,MGD Dental Clinic Dr. M. Dyukendzhieva,,8623,Дентална медицина,София,,sofia_dentists_filtered.xlsx · Send
naturadentclinic.com,NATURADENT / Dr Kristian Monev,,8623,Дентална медицина,София,,sofia_dentists_filtered.xlsx · Send
nikadent.eu,Nikadent - Dr Nikolay Markov,,8623,Дентална медицина,София,,sofia_dentists_filtered.xlsx · Send
nmdentalstudio.com,NM Dental Studio,,8623,Дентална медицина,София,,sofia_dentists_filtered.xlsx · Send
noradent.com,Noradent Dental Clinic,,8623,Дентална медицина,София,,sofia_dentists_filtered.xlsx · Send
npdentalclinic.com,NP Dental Clinic,,8623,Дентална медицина,София,,sofia_dentists_filtered.xlsx · Send
sanident.bg,SANIDENT Dental Clinic,,8623,Дентална медицина,София,,sofia_dentists_filtered.xlsx · Send
skydental.bg,Sky Dental Clinic,,8623,Дентална медицина,София,,sofia_dentists_filtered.xlsx · Send
smilebymedi.com,Smile By Medi,,8623,Дентална медицина,София,,sofia_dentists_filtered.xlsx · Send
smilefactorybg.com,"Smile Factory ""Oborishte"" Dental Clinic",,8623,Дентална медицина,София,,sofia_dentists_filtered.xlsx · Send
smilepoint.bg,Smile Point Business Park Dental Clinic,,8623,Дентална медицина,София,,sofia_dentists_filtered.xlsx · Send
sofiadentalstudio.bg,Sofia Dental Studio,,8623,Дентална медицина,София,,sofia_dentists_filtered.xlsx · Send
estedental.com,Sofia Dentist - Dr. Maya Jivkova / Estedental,,8623,Дентална медицина,София,,sofia_dentists_filtered.xlsx · Send
svedent.com,Svedent,,8623,Дентална медицина,София,,sofia_dentists_filtered.xlsx · Send
vavadent.com,Vava Dent / Dr Ali Hamoudi,,8623,Дентална медицина,София,,sofia_dentists_filtered.xlsx · Send
vestadent.com,Vesta-Dent,,8623,Дентална медицина,София,,sofia_dentists_filtered.xlsx · Send
viadentalstudio.com,Via Dental Studio – Красно село,,8623,Дентална медицина,София,,sofia_dentists_filtered.xlsx · Send
dentalartbg.com,Vitosha ART Dental,,8623,Дентална медицина,София,,sofia_dentists_filtered.xlsx · Send
zident.net,ZIDENT Dental Practice,,8623,Дентална медицина,София,,sofia_dentists_filtered.xlsx · Send
dental-xray.bg,Zubni snimki,,8623,Дентална медицина,София,,sofia_dentists_filtered.xlsx · Send
bgmdent.com,БГМ-Дент стоматологични кабинети,,8623,Дентална медицина,София,,sofia_dentists_filtered.xlsx · Send
goranovdent.com,Горанов Дент,,8623,Дентална медицина,София,,sofia_dentists_filtered.xlsx · Send
imani.care,д-р Атанасиос Куцюрубас,,8623,Дентална медицина,София,,sofia_dentists_filtered.xlsx · Send
dkc13sofia.com,д-р Валерий Любенов Ичков,,8623,Дентална медицина,София,,sofia_dentists_filtered.xlsx · Send
smilecraft.bg,д-р Десислава Тодорова (Кабакова) - Smilecraft Dental Care,,8623,Дентална медицина,София,,sofia_dentists_filtered.xlsx · Send
zdravizabi.com,Д-р Димова и Д-р Кръстева,,8623,Дентална медицина,София,,sofia_dentists_filtered.xlsx · Send
drdochev.com,Д-р Дочев,,8623,Дентална медицина,София,,sofia_dentists_filtered.xlsx · Send
zubolekarlagera.com,Д-р Едуард Апелян,,8623,Дентална медицина,София,,sofia_dentists_filtered.xlsx · Send
irenahasara.com,Д-р Ирена Хасара,,8623,Дентална медицина,София,,sofia_dentists_filtered.xlsx · Send
ivanov-dental.eu,д-р Костадин Иванов - ДЕНТАЛ,,8623,Дентална медицина,София,,sofia_dentists_filtered.xlsx · Send
zubenlek.info,Д-р Майк Мишел / Dr Mike Michael DMD / ZubenLek,,8623,Дентална медицина,София,,sofia_dentists_filtered.xlsx · Send
drmitkova.com,"д-р Миткова, стоматолог",,8623,Дентална медицина,София,,sofia_dentists_filtered.xlsx · Send
midental.info,Д-р Михаил Далемски,,8623,Дентална медицина,София,,sofia_dentists_filtered.xlsx · Send
nikolay.frantsovi.com,Д-р Николай Францов - зъболекар,,8623,Дентална медицина,София,,sofia_dentists_filtered.xlsx · Send
dr-iliev.com,Д-р Огнян Илиев - Стоматолог,,8623,Дентална медицина,София,,sofia_dentists_filtered.xlsx · Send
drfarmaui.com,Д-р Рами Фармауи,,8623,Дентална медицина,София,,sofia_dentists_filtered.xlsx · Send
hident-bg.com,Д-р Росен Машев,,8623,Дентална медицина,София,,sofia_dentists_filtered.xlsx · Send
germandentbg.com,д-р Светослав Добрев - Emergency Dentist,,8623,Дентална медицина,София,,sofia_dentists_filtered.xlsx · Send
drnedialkova.com,Д-р Теодора Недялкова - Дентални клиники,,8623,Дентална медицина,София,,sofia_dentists_filtered.xlsx · Send
drtsonev.com,Д-р Цонев - Зъболекар,,8623,Дентална медицина,София,,sofia_dentists_filtered.xlsx · Send
daradent.net,ДараДент,,8623,Дентална медицина,София,,sofia_dentists_filtered.xlsx · Send
dentalna-pomosht.com,Денонощен зъболекар,,8623,Дентална медицина,София,,sofia_dentists_filtered.xlsx · Send
kazbekdent.bg,Дентален Кабинет Казбек,,8623,Дентална медицина,София,,sofia_dentists_filtered.xlsx · Send
bl-dental.com,"Дентална Клиника ""BL Aesthetics & Orthodontics""",,8623,Дентална медицина,София,,sofia_dentists_filtered.xlsx · Send
ortodentbg.com,Дентална клиника - ОРТОДЕНТ,,8623,Дентална медицина,София,,sofia_dentists_filtered.xlsx · Send
lk-dent.bg,Дентална Клиника LK DENT,,8623,Дентална медицина,София,,sofia_dentists_filtered.xlsx · Send
unisondent.com,Дентална клиника UNISON,,8623,Дентална медицина,София,,sofia_dentists_filtered.xlsx · Send
andreevdentalclinic.com,Дентална Клиника Андреев,,8623,Дентална медицина,София,,sofia_dentists_filtered.xlsx · Send
stoyanovdent.bg,Дентална Клиника Д-р Ивайло Стоянов,,8623,Дентална медицина,София,,sofia_dentists_filtered.xlsx · Send
dimovadent.com,Дентална клиника Димова,,8623,Дентална медицина,София,,sofia_dentists_filtered.xlsx · Send
kirilovadent.com,"Дентална клиника Кирилова, д-р Рени Кирилова",,8623,Дентална медицина,София,,sofia_dentists_filtered.xlsx · Send
rubident.bg,Дентална клиника Рубидент - Петър Календерски,,8623,Дентална медицина,София,,sofia_dentists_filtered.xlsx · Send
hadjievdent.com,Дентална клиника Хаджиев Дент,,8623,Дентална медицина,София,,sofia_dentists_filtered.xlsx · Send
dentaldiagnostics.bg,Дентална рентгенова лаборатория - Dental Diagnostics BG,,8623,Дентална медицина,София,,sofia_dentists_filtered.xlsx · Send
perfectsmile.bg,Дентално студио Импла - д-р Любенов,,8623,Дентална медицина,София,,sofia_dentists_filtered.xlsx · Send
xn--80abmgreuu7f.top,Добър Зъболекар,,8623,Дентална медицина,София,,sofia_dentists_filtered.xlsx · Send
kident.bg,За д-р Кристина Димова,,8623,Дентална медицина,София,,sofia_dentists_filtered.xlsx · Send
preventica.bg,Зъболекар Младост 4 - д-р Светлана Огнянова,,8623,Дентална медицина,София,,sofia_dentists_filtered.xlsx · Send
iskamusmivka.com,Искам Усмивка,,8623,Дентална медицина,София,,sofia_dentists_filtered.xlsx · Send
peshkirski.com,Клиника Пешкирски - Денонощен зъболекар 24/7,,8623,Дентална медицина,София,,sofia_dentists_filtered.xlsx · Send
krusharskident.com,Крушарски,,8623,Дентална медицина,София,,sofia_dentists_filtered.xlsx · Send
optima-amb.com,Лазерна Дентална Амбулатория ОПТИМА,,8623,Дентална медицина,София,,sofia_dentists_filtered.xlsx · Send
liasdent.bg,ЛИАС ДЕНТ - Д-р Весела Юрукова,,8623,Дентална медицина,София,,sofia_dentists_filtered.xlsx · Send
maniadenti.com,Мания Денти,,8623,Дентална медицина,София,,sofia_dentists_filtered.xlsx · Send
amadent.bg,Медико-дентален Център Ама,,8623,Дентална медицина,София,,sofia_dentists_filtered.xlsx · Send
ddk.bg,Немска Дентална Клиника / Deutsche Dental Klinik,,8623,Дентална медицина,София,,sofia_dentists_filtered.xlsx · Send
parodontit.net,Пародонтит,,8623,Дентална медицина,София,,sofia_dentists_filtered.xlsx · Send
sanoraldental.com,Санорал - Дентална клиника,,8623,Дентална медицина,София,,sofia_dentists_filtered.xlsx · Send
newdental.bg,Специализирана клиника по орална хирургия и дентална медицина,,8623,Дентална медицина,София,,sofia_dentists_filtered.xlsx · Send
markov-dent.com,"Стоматологичен кабинет ""Марков-Дент""",,8623,Дентална медицина,София,,sofia_dentists_filtered.xlsx · Send
domuschiev.com,Стоматологичен кабинет Smile More Домусчиева & Каракашев,,8623,Дентална медицина,София,,sofia_dentists_filtered.xlsx · Send
zabolekarsofia.com,Стоматологичен кабинет д-р Даракчиева,,8623,Дентална медицина,София,,sofia_dentists_filtered.xlsx · Send
dentalbulgaria.com,Стоматологичен кабинет Дентал България,,8623,Дентална медицина,София,,sofia_dentists_filtered.xlsx · Send
herodental.com,Стоматологичен кабинет Херодентал,,8623,Дентална медицина,София,,sofia_dentists_filtered.xlsx · Send
djerident.eu,Стоматологичен Център Джеридент,,8623,Дентална медицина,София,,sofia_dentists_filtered.xlsx · Send
jordanovdent.bg,Стоматологична клиника Д-р Йорданов,,8623,Дентална медицина,София,,sofia_dentists_filtered.xlsx · Send
texturadentalstudio.com,Текстура Дентал Студио,,8623,Дентална медицина,София,,sofia_dentists_filtered.xlsx · Send
twindent.bg,Туин дент,,8623,Дентална медицина,София,,sofia_dentists_filtered.xlsx · Send
unidentsofia.carrd.co,Унидент - Лечение във Факултета по дентална медицина,,8623,Дентална медицина,София,,sofia_dentists_filtered.xlsx · Send
